CONDITION,OUTCOME,YEAR,Geography,SRANum,RegionNum,RegionName,UrbanicitySort,UrbanicityCat,SESSort,Socioeconomic_Category,SDNUM,Supervisor_District,Total_Cases,Total_Rate,Age_Adjusted_Rate,Male_Cases,Male_Rate,Female_Cases,Female_Rate,White_Cases,White_Rate,Black_Cases,Black_Rate,Hispanic_Cases,Hispanic_Rate,Asian_Pacific_Islander_Cases,Asian_Pacific_Islander_Rate,Other_Race_Ethnicity_Cases,Other_Race_Ethnicity_Rate,Age_Group_0_to_14_Cases,Age_Group_0_to_14_Rate,Age_Group_15_to_24_Cases,Age_Group_15_to_24_Rate,Age_Group_25_to_44_Cases,Age_Group_25_to_44_Rate,Age_Group_45_to_64_Cases,Age_Group_45_to_64_Rate,Age_Group_65Plus_Cases,Age_Group_65Plus_Rate
Lung Cancer,Death,2010,San Diego County (Actual Rate),0,0,COUNTY,99,,99,,99,County Total,1073,34.6653149455322,36.5398682894755,572,36.8158416249431,501,32.4979859032689,823,54.8649475649763,53,36.1527967257844,102,10.2890206062856,83,24.300127063315,10,8.63886105255883,,,,,13,1.45824102480692,218,28.6694985467984,842,239.595930852956
Lung Cancer,Death,2010,Central Region,99,99,REGION CENTRAL,99,,99,,99,Central Region,132,27.2491938780144,35.3646266282583,75,30.2791739841337,57,24.0787756153817,63,43.859649122807,33,58.2236493877695,16,7.82920587386171,17,26.6128148530816,,,,,,,,,36,33.7343978409985,96,221.806335343453
Lung Cancer,Death,2010,Central San Diego,1,3,CENTRAL,5,Very Urban Area,2,Low Income,4,Supervisorial District 4,41,24.7627905853078,29.5993536495527,25,27.6182059213434,16,21.3188365244967,29,35.2407918241363,5,43.5464204842362,,,,,,,,,,,,,13,34.2574048698219,28,180.156993951872
Lung Cancer,Death,2010,Mid-City,6,3,CENTRAL,5,Very Urban Area,1,Lowest Income,4,Supervisorial District 4,44,26.9869113479962,40.1603573915134,23,28.3226815422316,21,25.6613918250137,26,55.9741657696448,7,36.2356351589191,,,6,25.4722988749735,,,,,,,,,11,33.5703604235969,33,258.155362590941
Lung Cancer,Death,2010,Southeastern San Diego,5,3,CENTRAL,5,Very Urban Area,2,Low Income,4,Supervisorial District 4,47,30.1659125188537,37.2084609201903,27,35.5412805391744,20,25.0510414970502,8,53.6948788509296,21,81.1500115928588,8,10.220246307936,10,31.4218381775334,,,,,,,,,12,33.3324074331269,35,234.019791388072
Lung Cancer,Death,2010,East Region,99,99,REGION EAST,99,,99,,99,East Region,208,44.9139293642088,44.7091243164115,115,50.4277589465422,93,39.5645348614603,177,63.38179474325,10,37.6251034690345,12,10.3802636586969,8,38.6959465995937,,,,,,,,,47,36.8786535368198,157,280.607685433423
Lung Cancer,Death,2010,Alpine,38,5,EAST,1,Rural Area,5,High Income,2,Supervisorial District 2,,,,,,,,,,,,,,,,,,,,,,,,,,,
Lung Cancer,Death,2010,El Cajon,34,5,EAST,4,Urban Area,2,Low Income,2,Supervisorial District 2,40,32.121805887927,33.4633960173298,24,39.3920493713685,16,25.1572327044025,34,46.1580233505295,,,,,,,,,,,,,,,8,25.2373891920881,32,218.176859616827
Lung Cancer,Death,2010,Harbison Crest/El Cajon,37,5,EAST,99,,99,,2,Supervisorial District 2,79,56.7646995422897,56.3268839632128,44,64.48209156457,35,49.3409459364207,70,82.0700409177775,,,5,14.1860069227714,,,,,,,,,,,18,48.7342628942737,59,344.847740955053
Lung Cancer,Death,2010,Jamul,30,5,EAST,1,Rural Area,6,Highest Income,2,Supervisorial District 2,13,68.5726342441186,77.8319954219751,10,91.751536838242,,,10,95.383441434567,,,,,,,,,,,,,,,5,83.4863917181499,8,403.022670025189
Lung Cancer,Death,2010,La Mesa,33,5,EAST,4,Urban Area,2,Low Income,2,Supervisorial District 2,28,47.3821369343757,41.4993050263997,17,60.3200510946315,11,35.5860373329883,26,70.1886996193613,,,,,,,,,,,,,,,,,25,290.86678301338
Lung Cancer,Death,2010,Laguna-Pine Valley,61,5,EAST,1,Rural Area,3,Moderately Low Income,2,Supervisorial District 2,,,,,,,,,,,,,,,,,,,,,,,,,,,
Lung Cancer,Death,2010,Lakeside,36,5,EAST,2,Exurban Area,3,Moderately Low Income,2,Supervisorial District 2,23,41.056765440914,47.4611969079621,12,43.3150447588796,11,38.8472948156519,22,53.8595245672877,,,,,,,,,,,,,,,,,19,314.986737400531
Lung Cancer,Death,2010,Lemon Grove,32,5,EAST,5,Very Urban Area,2,Low Income,2,Supervisorial District 2,14,46.9625306095066,46.5339353290671,9,62.0732464307883,5,32.6541274817137,10,105.630083447766,,,,,,,,,,,,,,,6,78.5134781470819,8,241.545893719807
Lung Cancer,Death,2010,Mountain Empire,62,5,EAST,1,Rural Area,2,Low Income,2,Supervisorial District 2,5,65.8848333113717,63.2029944053835,,,,,5,120.80212611742,,,,,,,,,,,,,,,,,,
Lung Cancer,Death,2010,Santee,35,5,EAST,3,Suburban Area,4,Moderately High Income,2,Supervisorial District 2,27,52.7848917909718,55.0522803277258,11,44.415731244448,16,60.6405154443813,21,55.2966269057588,,,,,,,,,,,,,,,7,47.4544098705173,18,314.850446038132
Lung Cancer,Death,2010,Spring Valley,31,5,EAST,4,Urban Area,4,Moderately High Income,2,Supervisorial District 2,15,18.5182898976556,18.8510237333958,6,15.2210862781907,9,21.6439805685152,9,23.524491609598,,,,,,,,,,,,,,,,,13,138.121546961326
Lung Cancer,Death,2010,North Central Region,99,99,REGION N CENTRAL,99,,99,,99,North Central Region,203,33.6121096317735,33.7771916466484,101,33.0576348407833,102,34.1797856726381,176,48.2074233953913,,,,,20,18.464663250704,,,,,,,,,32,22.3863890754421,169,235.120621052339
Lung Cancer,Death,2010,Coastal,11,2,N CENTRAL,3,Suburban Area,5,High Income,4,Supervisorial District 4,30,39.8009950248756,29.8274802290517,16,41.1925235569744,14,38.3215175320943,28,46.0291627624073,,,,,,,,,,,,,,,5,30.3951367781155,25,201.661692344922
Lung Cancer,Death,2010,Del Mar-Mira Mesa,13,2,N CENTRAL,3,Suburban Area,6,Highest Income,3,Supervisorial District 3,34,21.577848434654,30.3625471851875,18,22.7649268360546,16,20.3821656050955,22,28.9645184648805,,,,,11,20.0254869834335,,,,,,,,,7,15.6270929142296,26,190.979873659468
Lung Cancer,Death,2010,Elliott-Navajo,17,2,N CENTRAL,2,Exurban Area,5,High Income,3,Supervisorial District 3,28,31.4232487150136,24.985471742364,12,27.7559328306425,16,34.8796651552145,27,44.9348444755105,,,,,,,,,,,,,,,6,26.6808964781217,22,165.600301091457
Lung Cancer,Death,2010,Kearny Mesa,10,2,N CENTRAL,4,Urban Area,3,Moderately Low Income,4,Supervisorial District 4,78,51.5845722448548,50.3234576850206,39,51.7605213213532,39,51.409815320125,67,79.4375348280237,,,,,7,35.3089533417402,,,,,,,,,12,33.6813742000674,66,346.18410700236
Lung Cancer,Death,2010,Miramar,16,2,N CENTRAL,99,,99,,3,Supervisorial District 3,,,,,,,,,,,,,,,,,,,,,,,,,,,
Lung Cancer,Death,2010,Peninsula,2,2,N CENTRAL,4,Urban Area,3,Moderately Low Income,4,Supervisorial District 4,19,30.1893987542901,27.0195676990529,13,38.0306000058509,6,20.8673877508434,19,39.6138690240394,,,,,,,,,,,,,,,,,17,235.196458218041
Lung Cancer,Death,2010,University,12,2,N CENTRAL,4,Urban Area,4,Moderately High Income,3,Supervisorial District 3,14,22.3189376185694,24.8112940960643,,,11,34.7474492213412,13,39.4824758549475,,,,,,,,,,,,,,,,,13,206.84168655529
Lung Cancer,Death,2010,North Coastal Region,99,99,REGION N COASTAL,99,,99,,99,North Coastal Region,154,30.4441083731182,31.1678438837422,81,31.4156837953249,73,29.4340596422754,140,46.8008290432573,,,6,4.1674770094185,,,,,,,,,,,25,20.0060818488821,126,211.39875509622
Lung Cancer,Death,2010,Carlsbad,41,1,N COASTAL,3,Suburban Area,5,High Income,5,Supervisorial District 5,35,30.5111932491806,23.7234513128866,15,26.8956984812896,20,33.9322373220678,32,37.9259259259259,,,,,,,,,,,,,,,5,15.3294294386363,30,168.406871000337
Lung Cancer,Death,2010,Oceanside,42,1,N COASTAL,3,Suburban Area,3,Moderately Low Income,5,Supervisorial District 5,61,38.1918357124969,40.2990119064165,33,41.6372262036944,28,34.7981706104593,53,71.388163034401,,,,,,,,,,,,,,,10,25.5597587158777,50,271.179086668836
Lung Cancer,Death,2010,Pendleton,43,1,N COASTAL,99,,99,,5,Supervisorial District 5,,,,,,,,,,,,,,,,,,,,,,,,,,,
Lung Cancer,Death,2010,San Dieguito,40,1,N COASTAL,2,Exurban Area,6,Highest Income,3,Supervisorial District 3,23,24.591566162005,19.385901895897,9,19.5601147526732,14,29.4637595757219,22,29.9968639642219,,,,,,,,,,,,,,,,,19,143.634714242516
Lung Cancer,Death,2010,Vista,52,1,N COASTAL,3,Suburban Area,2,Low Income,5,Supervisorial District 5,35,34.8491033823544,41.5459596833144,24,47.3363444507998,11,22.1185554572509,33,75.2462604888727,,,,,,,,,,,,,,,6,25.4625700220676,27,267.485635030711
Lung Cancer,Death,2010,North Inland Region,99,99,REGION N INLAND,99,,99,,99,North Inland Region,202,35.4692120216046,33.4646274138494,99,35.2944951282901,103,35.6387819148752,176,55.910999853869,,,9,5.48713571515669,13,21.9746784090333,,,,,,,,,40,26.2620559250481,160,221.757148203074
Lung Cancer,Death,2010,Anza-Borrego Springs,63,6,N INLAND,1,Rural Area,1,Lowest Income,5,Supervisorial District 5,7,157.657657657658,92.7725933438206,,,5,227.894257064722,7,249.732429539779,,,,,,,,,,,,,,,,,,
Lung Cancer,Death,2010,Escondido,50,6,N INLAND,2,Exurban Area,3,Moderately Low Income,3,Supervisorial District 3,66,40.4855816121849,44.3164231794595,34,42.0422648415378,32,38.9531345100426,56,78.7623066104079,,,,,5,48.9620054837446,,,,,,,,,13,33.8603391243195,53,302.407851192514
Lung Cancer,Death,2010,Fallbrook,55,6,N INLAND,1,Rural Area,4,Moderately High Income,5,Supervisorial District 5,20,42.2797226450194,31.8406770483317,10,42.4664515033124,10,42.0946287253746,19,69.5843252151621,,,,,,,,,,,,,,,,,17,207.72238514174
Lung Cancer,Death,2010,North San Diego,14,6,N INLAND,3,Suburban Area,6,Highest Income,3,Supervisorial District 3,28,26.2807155863415,25.4748993304255,13,25.2441889818824,15,27.2504314651649,24,38.3031695872834,,,,,,,,,,,,,,,5,17.2723504214453,21,163.04347826087
Lung Cancer,Death,2010,Palomar-Julian,60,6,N INLAND,1,Rural Area,2,Low Income,5,Supervisorial District 5,,,,,,,,,,,,,,,,,,,,,,,,,,,
Lung Cancer,Death,2010,Pauma,54,6,N INLAND,1,Rural Area,5,High Income,5,Supervisorial District 5,,,,,,,,,,,,,,,,,,,,,,,,,,,
Lung Cancer,Death,2010,Poway,15,6,N INLAND,2,Exurban Area,6,Highest Income,2,Supervisorial District 2,28,32.4408244603816,30.8351116246228,13,30.8276025610624,15,33.982012188215,22,37.9545925056932,,,,,,,,,,,,,,,,,24,221.81146025878
Lung Cancer,Death,2010,Ramona,39,6,N INLAND,1,Rural Area,5,High Income,2,Supervisorial District 2,13,37.281330656725,37.2179308189835,7,39.9247133975931,6,34.6080636788372,11,44.2923293738675,,,,,,,,,,,,,,,5,45.3802868034126,8,214.018191546281
Lung Cancer,Death,2010,San Marcos,51,6,N INLAND,3,Suburban Area,3,Moderately Low Income,5,Supervisorial District 5,26,28.9001278274885,26.5505409434876,11,25.0022729339031,15,32.6306858970176,26,57.2220877258622,,,,,,,,,,,,,,,,,23,195.544975344329
Lung Cancer,Death,2010,Valley Center,53,6,N INLAND,1,Rural Area,5,High Income,5,Supervisorial District 5,10,42.863266180883,30.1747668258858,6,51.2470105910489,,,9,60.1483659693912,,,,,,,,,,,,,,,,,7,185.185185185185
Lung Cancer,Death,2010,South Region,99,99,REGION SOUTH,99,,99,,99,South Region,170,36.2871810196698,42.0041254736484,100,42.7208024675535,70,29.8625894277901,87,88.6560958708678,,,57,20.5238256410995,22,36.9723043828986,,,,,,,,,37,34.9017092404633,131,269.75824718916
Lung Cancer,Death,2010,Chula Vista,21,4,SOUTH,5,Very Urban Area,1,Lowest Income,1,Supervisorial District 1,65,56.40696322266,54.8419395170263,37,66.6174537728885,28,46.9066724741595,38,177.885965733546,,,23,28.2781090551423,,,,,,,,,,,16,60.4663466989154,49,337.605070965964
Lung Cancer,Death,2010,Coronado,3,4,SOUTH,2,Exurban Area,6,Highest Income,1,Supervisorial District 1,10,40.4874691283048,35.9569666368317,,,9,88.6262924667652,9,50.2344273275285,,,,,,,,,,,,,,,,,9,258.546394714163
Lung Cancer,Death,2010,National City,4,4,SOUTH,5,Very Urban Area,1,Lowest Income,1,Supervisorial District 1,27,46.2978840152269,52.7495887056831,21,69.99300069993,6,21.1901818823945,8,117.768290887679,,,9,24.2358960549347,9,85.3889943074004,,,,,,,,,6,50.0375281461096,20,324.464633354964
Lung Cancer,Death,2010,South Bay,22,4,SOUTH,3,Suburban Area,2,Low Income,1,Supervisorial District 1,49,36.3194331203582,45.8830746772449,35,51.4252130473112,14,20.9411553534568,22,107.186358099878,,,21,22.7194045352259,5,38.2760468498813,,,,,,,,,10,32.680806562306,38,294.482331060136
Lung Cancer,Death,2010,Sweetwater,20,4,SOUTH,3,Suburban Area,6,Highest Income,1,Supervisorial District 1,19,14.0407921962755,19.9995733739813,6,9.10056120127408,13,18.7346879953884,10,31.7097919837646,,,,,,,,,,,,,,,,,15,130.446125750065
Lung Cancer,Death,2010,Unknown,99,99,UNKNOWN,99,,99,,99,,,,,,,,,,,,,,,,,,,,,,,,,,,,
Lung Cancer,Death,2011,San Diego County (Actual Rate),0,0,COUNTY,99,,99,,99,County Total,1098,35.2396327118791,36.1959185329575,589,37.6890049206867,509,32.7748515795032,814,54.4269722422442,52,36.387810083622,119,11.7730395415836,95,27.2421743269749,17,14.4294020286042,,,,,6,0.673457361730785,237,30.7404957391338,855,236.247886203123
Lung Cancer,Death,2011,Central Region,99,99,REGION CENTRAL,99,,99,,99,Central Region,144,29.655990510083,37.5379604838539,83,33.454791693538,61,25.6872389165881,73,51.2946632470225,24,43.749316416931,17,8.18015590414782,30,46.4784804635454,,,,,,,,,41,37.7775730212844,102,231.491988561572
Lung Cancer,Death,2011,Central San Diego,1,3,CENTRAL,5,Very Urban Area,2,Low Income,4,Supervisorial District 4,53,31.9342515936999,39.196195262812,36,39.7425565503461,17,22.5515036546702,34,41.5394013439218,8,71.9812848659349,5,8.5254399126995,6,69.6055684454756,,,,,,,,,11,28.4472949208648,42,261.698548196149
Lung Cancer,Death,2011,Mid-City,6,3,CENTRAL,5,Very Urban Area,1,Lowest Income,4,Supervisorial District 4,38,23.284884433442,33.6723966867448,20,24.6087213308396,18,21.9715834187784,26,56.8330855993705,,,,,6,25.2249222231565,,,,,,,,,12,35.8401529179858,25,193.693344696676
Lung Cancer,Death,2011,Southeastern San Diego,5,3,CENTRAL,5,Very Urban Area,2,Low Income,4,Supervisorial District 4,53,33.8861680498191,39.8021306116168,27,35.4140160805866,26,32.4331067173954,13,88.3332200856153,13,52.1104742053153,9,11.3051124230624,18,56.0049782202862,,,,,,,,,18,49.4777350192413,35,231.696014828545
Lung Cancer,Death,2011,East Region,99,99,REGION EAST,99,,99,,99,East Region,220,47.1445408764599,44.7470825007902,127,55.2676127437541,93,39.2638658442364,194,69.5278200878058,5,19.1960686451415,11,9.24882708056569,,,6,27.9955207166853,,,,,,,61,47.3948378474974,157,268.417363355046
Lung Cancer,Death,2011,Alpine,38,5,EAST,1,Rural Area,5,High Income,2,Supervisorial District 2,6,39.580447259054,34.3224055025136,,,,,5,42.5061633936921,,,,,,,,,,,,,,,,,5,224.618149146451
Lung Cancer,Death,2011,El Cajon,34,5,EAST,4,Urban Area,2,Low Income,2,Supervisorial District 2,43,34.3277743627408,33.7922324252097,27,44.0126495615036,16,25.0324639767198,36,48.9662676822633,,,,,,,,,,,,,,,14,43.6994724849393,29,191.735537190083
Lung Cancer,Death,2011,Harbison Crest/El Cajon,37,5,EAST,99,,99,,2,Supervisorial District 2,74,52.8443092391848,49.4885316758199,46,66.9441452979014,28,39.2596747055524,66,77.5266644739933,,,,,,,,,,,,,,,23,61.7168003864008,51,287.956637118175
Lung Cancer,Death,2011,Jamul,30,5,EAST,1,Rural Area,6,Highest Income,2,Supervisorial District 2,12,68.2671521219706,68.7899744101837,9,89.0736342042755,,,11,115.08683825068,,,,,,,,,,,,,,,,,8,408.371618172537
Lung Cancer,Death,2011,La Mesa,33,5,EAST,4,Urban Area,2,Low Income,2,Supervisorial District 2,34,56.6798919747941,46.3922995067157,18,62.8777028679219,16,51.0220351414267,32,85.8069879065776,,,,,,,,,,,,,,,8,50.9911402893747,26,293.619424054207
Lung Cancer,Death,2011,Laguna-Pine Valley,61,5,EAST,1,Rural Area,3,Moderately Low Income,2,Supervisorial District 2,,,,,,,,,,,,,,,,,,,,,,,,,,,
Lung Cancer,Death,2011,Lakeside,36,5,EAST,2,Exurban Area,3,Moderately Low Income,2,Supervisorial District 2,35,62.0963735717834,62.9767089429007,19,68.1589898120247,16,56.16399887672,32,78.2912925403078,,,,,,,,,,,,,,,10,61.6827041697508,25,392.649599497409
Lung Cancer,Death,2011,Lemon Grove,32,5,EAST,5,Very Urban Area,2,Low Income,2,Supervisorial District 2,7,23.3730675481652,23.5209305067871,,,5,32.5013000520021,,,,,,,,,,,,,,,,,,,6,175.541252194266
Lung Cancer,Death,2011,Mountain Empire,62,5,EAST,1,Rural Area,2,Low Income,2,Supervisorial District 2,,,,,,,,,,,,,,,,,,,,,,,,,,,
Lung Cancer,Death,2011,Santee,35,5,EAST,3,Suburban Area,4,Moderately High Income,2,Supervisorial District 2,22,42.5589538235351,45.5605052132378,13,51.9501278772379,9,33.7470471333758,20,52.3903077930583,,,,,,,,,,,,,,,5,33.3266679997334,16,264.550264550265
Lung Cancer,Death,2011,Spring Valley,31,5,EAST,4,Urban Area,4,Moderately High Income,2,Supervisorial District 2,24,29.3621081993687,29.3271090091152,13,32.6912437760901,11,26.2079481559135,19,49.6628156202624,,,,,,,,,,,,,,,6,27.5709953129308,18,182.741116751269
Lung Cancer,Death,2011,North Central Region,99,99,REGION N CENTRAL,99,,99,,99,North Central Region,182,29.848543243487,29.5955824885129,88,28.5295605150882,94,31.1988662199255,147,40.2520269770728,8,42.7899015832264,11,12.5366126072735,14,12.5566168886497,,,,,,,,,35,24.2259799408886,147,199.519524410603
Lung Cancer,Death,2011,Coastal,11,2,N CENTRAL,3,Suburban Area,5,High Income,4,Supervisorial District 4,19,25.1472437297333,16.0237567316024,10,25.6798746822116,9,24.580761457366,18,29.6902319137004,,,,,,,,,,,,,,,,,16,126.843190106231
Lung Cancer,Death,2011,Del Mar-Mira Mesa,13,2,N CENTRAL,3,Suburban Area,6,Highest Income,3,Supervisorial District 3,34,21.4535404651632,28.0223171154631,13,16.3719711853307,21,26.5560585750778,18,23.7532825716887,,,,,11,19.720329867336,,,,,,,,,10,21.8727443732365,24,166.944908180301
Lung Cancer,Death,2011,Elliott-Navajo,17,2,N CENTRAL,2,Exurban Area,5,High Income,3,Supervisorial District 3,31,34.6659211629857,28.741514971359,13,29.9615109820461,18,39.0998349118082,28,46.7484765005426,,,,,,,,,,,,,,,5,22.130748461913,26,190.253183082102
Lung Cancer,Death,2011,Kearny Mesa,10,2,N CENTRAL,4,Urban Area,3,Moderately Low Income,4,Supervisorial District 4,74,48.7817740744647,46.2575375841564,37,48.9657636674034,37,48.5991619928283,63,75.0509274150316,,,6,17.6082171680117,,,,,,,,,,,15,41.5018122458014,59,304.374742055303
Lung Cancer,Death,2011,Miramar,16,2,N CENTRAL,99,,99,,3,Supervisorial District 3,,,,,,,,,,,,,,,,,,,,,,,,,,,
Lung Cancer,Death,2011,Peninsula,2,2,N CENTRAL,4,Urban Area,3,Moderately Low Income,4,Supervisorial District 4,14,22.2010783380907,21.1046556673807,10,29.0917553965206,,,13,27.2508122838277,,,,,,,,,,,,,,,,,13,179.533213644524
Lung Cancer,Death,2011,University,12,2,N CENTRAL,4,Urban Area,4,Moderately High Income,3,Supervisorial District 3,10,15.0416654131946,20.0301985610324,5,15.1883353584447,5,14.8978010845599,7,20.4642460387067,,,,,,,,,,,,,,,,,9,140.801001251564
Lung Cancer,Death,2011,North Coastal Region,99,99,REGION N COASTAL,99,,99,,99,North Coastal Region,165,32.363919525643,31.6916414983979,84,32.3475046210721,81,32.3809599955226,135,45.1467268623025,,,12,8.17516656901884,12,38.7759718227938,,,,,,,,,28,22.0825413850485,137,222.269091617048
Lung Cancer,Death,2011,Carlsbad,41,1,N COASTAL,3,Suburban Area,5,High Income,5,Supervisorial District 5,37,31.9361966579202,23.9029461898401,20,35.5138859293984,17,28.5522337924085,34,40.1502090172646,,,,,,,,,,,,,,,8,24.1392836667572,29,156.977373606149
Lung Cancer,Death,2011,Oceanside,42,1,N COASTAL,3,Suburban Area,3,Moderately Low Income,5,Supervisorial District 5,70,43.7240388519317,44.4557045725059,36,45.3080950463149,34,42.163221270105,51,69.2032132001737,,,8,13.1609252130425,7,56.4379585584133,,,,,,,,,11,27.9791428208063,59,315.069956210616
Lung Cancer,Death,2011,Pendleton,43,1,N COASTAL,99,,99,,5,Supervisorial District 5,,,,,,,,,,,,,,,,,,,,,,,,,,,
Lung Cancer,Death,2011,San Dieguito,40,1,N COASTAL,2,Exurban Area,6,Highest Income,3,Supervisorial District 3,24,25.2908447142135,20.0211092894253,13,27.8593318046418,11,22.8059627226173,21,28.3733938632402,,,,,,,,,,,,,,,,,20,143.256213738271
Lung Cancer,Death,2011,Vista,52,1,N COASTAL,3,Suburban Area,2,Low Income,5,Supervisorial District 5,34,33.5540664567893,38.704710843149,15,29.3455932700773,19,37.8380531325925,29,66.4665031743485,,,,,,,,,,,,,,,5,20.7572235137828,29,278.631821675634
Lung Cancer,Death,2011,North Inland Region,99,99,REGION N INLAND,99,,99,,99,North Inland Region,215,37.419613098605,35.2734236570964,109,38.5120906765408,106,36.359021324909,181,57.6655335336228,,,14,8.3139341536415,13,21.4698596201486,,,,,,,,,32,20.710499576082,183,245.176848874598
Lung Cancer,Death,2011,Anza-Borrego Springs,63,6,N INLAND,1,Rural Area,1,Lowest Income,5,Supervisorial District 5,7,149.989286479537,61.2175586100326,5,212.765957446809,,,7,248.051027639972,,,,,,,,,,,,,,,,,6,405.95399188092
Lung Cancer,Death,2011,Escondido,50,6,N INLAND,2,Exurban Area,3,Moderately Low Income,3,Supervisorial District 3,70,42.6234099945807,47.9315305576236,37,45.4043440912995,33,39.8844559397624,57,80.812090622962,,,5,6.60327522451136,,,,,,,,,,,12,30.6685749335514,58,325.349189431761
Lung Cancer,Death,2011,Fallbrook,55,6,N INLAND,1,Rural Area,4,Moderately High Income,5,Supervisorial District 5,18,37.6002673796791,28.063285477295,7,29.3488742610373,11,45.7932642271346,15,55.0822561692127,,,,,,,,,,,,,,,,,16,187.749354611594
Lung Cancer,Death,2011,North San Diego,14,6,N INLAND,3,Suburban Area,6,Highest Income,3,Supervisorial District 3,35,32.5233471170376,31.4228697443343,14,26.9060019602944,21,37.782015760498,26,41.3973187275101,,,,,8,30.4495109047311,,,,,,,,,6,20.3320908166723,29,217.897663235405
Lung Cancer,Death,2011,Palomar-Julian,60,6,N INLAND,1,Rural Area,2,Low Income,5,Supervisorial District 5,,,,,,,,,,,,,,,,,,,,,,,,,,,
Lung Cancer,Death,2011,Pauma,54,6,N INLAND,1,Rural Area,5,High Income,5,Supervisorial District 5,,,,,,,,,,,,,,,,,,,,,,,,,,,
Lung Cancer,Death,2011,Poway,15,6,N INLAND,2,Exurban Area,6,Highest Income,2,Supervisorial District 2,18,20.7132253944143,19.9395411832831,9,21.2014134275618,9,20.2470135654991,17,29.3371529155953,,,,,,,,,,,,,,,,,16,142.095914742451
Lung Cancer,Death,2011,Ramona,39,6,N INLAND,1,Rural Area,5,High Income,2,Supervisorial District 2,11,31.0445065334575,37.1038245586486,8,44.9488706596247,,,11,43.9613140436416,,,,,,,,,,,,,,,,,11,274.109145277847
Lung Cancer,Death,2011,San Marcos,51,6,N INLAND,3,Suburban Area,3,Moderately Low Income,5,Supervisorial District 5,39,43.2430035037921,39.3939328778894,20,45.3350258409647,19,41.2397985761417,34,75.6665331374905,,,,,,,,,,,,,,,6,28.9813070569483,33,277.171174197883
Lung Cancer,Death,2011,Valley Center,53,6,N INLAND,1,Rural Area,5,High Income,5,Supervisorial District 5,11,46.8903192804467,36.3483592106443,5,42.4881033310673,6,51.3215293815756,10,67.4308833445718,,,,,,,,,,,,,,,,,11,274.931267183204
Lung Cancer,Death,2011,South Region,99,99,REGION SOUTH,99,,99,,99,South Region,169,35.999190550745,40.5634169063263,97,41.498568941102,72,30.5457507466739,81,84.2530086645378,8,42.5554550773977,54,19.2096304280546,23,38.3499516457131,,,,,,,,,38,35.2005039230035,128,259.104066719297
Lung Cancer,Death,2011,Chula Vista,21,4,SOUTH,5,Very Urban Area,1,Lowest Income,1,Supervisorial District 1,63,54.3511081587052,51.0608681075394,27,48.3628286881135,36,59.9151202463177,30,143.321230651634,,,20,24.2350802787034,8,131.947880587168,,,,,,,,,13,48.2589650308115,49,334.060539950914
Lung Cancer,Death,2011,Coronado,3,4,SOUTH,2,Exurban Area,6,Highest Income,1,Supervisorial District 1,12,51.43812422307,41.5968861572444,8,59.8309774885947,,,12,70.2781844802343,,,,,,,,,,,,,,,,,11,310.646709968935
Lung Cancer,Death,2011,National City,4,4,SOUTH,5,Very Urban Area,1,Lowest Income,1,Supervisorial District 1,17,29.0643004906738,33.2599391662146,13,43.3188937020993,,,7,106.205431649219,,,7,18.6373439122447,,,,,,,,,,,,,14,230.33892727871
Lung Cancer,Death,2011,South Bay,22,4,SOUTH,3,Suburban Area,2,Low Income,1,Supervisorial District 1,54,39.96270147862,48.9142445868632,37,54.3717854518736,17,25.3443854731946,20,99.4282873477504,,,22,23.5849056603774,9,68.8916105327618,,,,,,,,,12,38.817364300964,42,318.181818181818
Lung Cancer,Death,2011,Sweetwater,20,4,SOUTH,3,Suburban Area,6,Highest Income,1,Supervisorial District 1,23,16.8379747576796,20.324802512838,12,18.0494555080922,11,15.6891830214514,12,38.1849424043785,,,5,7.74821403666455,,,,,,,,,,,9,27.3572861572132,12,100.721839852275
Lung Cancer,Death,2011,Unknown,99,99,UNKNOWN,99,,99,,99,,,,,,,,,,,,,,,,,,,,,,,,,,,,
Lung Cancer,Death,2012,San Diego County (Actual Rate),0,0,COUNTY,99,,99,,99,County Total,1085,34.5164468483303,35.2109936259135,552,35.0266475373792,533,34.0034934921269,815,54.6129516457596,53,38.0247232445851,102,9.85292100468883,92,25.8474159607794,20,16.5885621863725,,,,,11,1.23588423584716,236,30.4956052731553,838,223.744109362276
Lung Cancer,Death,2012,Central Region,99,99,REGION CENTRAL,99,,99,,99,Central Region,158,32.3269688760854,40.5338869029436,86,34.4675564105647,72,30.0945470352691,80,56.4975741354106,32,60.3238637434728,29,13.6561200608404,14,21.4208118487691,,,,,,,,,50,45.7009149323169,104,230.557772457214
Lung Cancer,Death,2012,Central San Diego,1,3,CENTRAL,5,Very Urban Area,2,Low Income,4,Supervisorial District 4,64,38.3647044718859,44.6512171284432,30,33.0098369314056,34,44.7733677473729,45,55.2526889641963,7,65.1647737851424,11,18.3330277828703,,,,,,,,,,,20,51.2045879310786,43,257.932937436267
Lung Cancer,Death,2012,Mid-City,6,3,CENTRAL,5,Very Urban Area,1,Lowest Income,4,Supervisorial District 4,43,26.07593554999,37.7185053283313,27,32.8839197632358,16,19.3246050533842,29,63.5700037265175,,,,,7,28.9244246105533,,,,,,,,,16,46.9911010602367,27,205.18276464777
Lung Cancer,Death,2012,Southeastern San Diego,5,3,CENTRAL,5,Very Urban Area,2,Low Income,4,Supervisorial District 4,51,32.4772500047761,39.0579797666875,29,37.8980933338561,22,27.3251192368839,6,41.2768299394606,22,91.9540229885057,14,17.2651933701657,7,21.6182828906733,,,,,,,,,14,38.5685556075925,34,222.542217567744
Lung Cancer,Death,2012,East Region,99,99,REGION EAST,99,,99,,99,East Region,193,41.0651403768205,38.3927742898825,98,42.3176239949564,95,39.8484918394483,163,58.5953648550034,7,27.483313702395,11,8.96407849273095,10,46.2128564166551,,,,,,,,,40,31.2051426075017,152,248.062015503876
Lung Cancer,Death,2012,Alpine,38,5,EAST,1,Rural Area,5,High Income,2,Supervisorial District 2,,,,,,,,,,,,,,,,,,,,,,,,,,,
Lung Cancer,Death,2012,El Cajon,34,5,EAST,4,Urban Area,2,Low Income,2,Supervisorial District 2,38,30.1474846684173,28.4986560824013,18,29.1280989060781,20,31.1279201880126,34,46.3809237988705,,,,,,,,,,,,,,,9,28.1135788585887,29,185.386434827079
Lung Cancer,Death,2012,Harbison Crest/El Cajon,37,5,EAST,99,,99,,2,Supervisorial District 2,63,44.7074853103977,41.5873497125249,30,43.3388229175696,33,46.0289563980249,57,67.1631239100721,,,,,,,,,,,,,,,12,32.2997416020672,51,277.339713959432
Lung Cancer,Death,2012,Jamul,30,5,EAST,1,Rural Area,6,Highest Income,2,Supervisorial District 2,8,44.2502350793739,38.9330930435106,5,48.1139337952271,,,7,72.2170638605179,,,,,,,,,,,,,,,,,,
Lung Cancer,Death,2012,La Mesa,33,5,EAST,4,Urban Area,2,Low Income,2,Supervisorial District 2,34,56.3660477453581,48.2683151365339,18,62.4869818787753,16,50.771085866599,28,75.4350988738617,,,,,,,,,,,,,,,,,30,330.724286186749
Lung Cancer,Death,2012,Laguna-Pine Valley,61,5,EAST,1,Rural Area,3,Moderately Low Income,2,Supervisorial District 2,,,,,,,,,,,,,,,,,,,,,,,,,,,
Lung Cancer,Death,2012,Lakeside,36,5,EAST,2,Exurban Area,3,Moderately Low Income,2,Supervisorial District 2,23,40.3855946339836,39.931729030875,14,49.696496397004,9,31.2717164697707,21,51.2032770097286,,,,,,,,,,,,,,,5,30.9674222717701,18,263.350402340892
Lung Cancer,Death,2012,Lemon Grove,32,5,EAST,5,Very Urban Area,2,Low Income,2,Supervisorial District 2,9,29.8904018598472,31.4711655445797,,,6,38.7772248432754,,,,,,,,,,,,,,,,,,,7,197.74011299435
Lung Cancer,Death,2012,Mountain Empire,62,5,EAST,1,Rural Area,2,Low Income,2,Supervisorial District 2,,,,,,,,,,,,,,,,,,,,,,,,,,,
Lung Cancer,Death,2012,Santee,35,5,EAST,3,Suburban Area,4,Moderately High Income,2,Supervisorial District 2,22,42.3484119345525,42.1845252264664,10,39.7109046144071,12,44.8296473401076,21,55.0848569105265,,,,,,,,,,,,,,,,,19,297.619047619048
Lung Cancer,Death,2012,Spring Valley,31,5,EAST,4,Urban Area,4,Moderately High Income,2,Supervisorial District 2,26,31.6243994404914,32.1096173936532,13,32.5089399584886,13,30.7867190830294,18,47.2925041380941,,,,,5,91.1078717201166,,,,,,,,,6,27.6281254316895,19,186.9894695404
Lung Cancer,Death,2012,North Central Region,99,99,REGION N CENTRAL,99,,99,,99,North Central Region,215,34.9540638570102,35.0120214019997,120,38.589924170799,95,31.2365395175105,178,48.7716664018018,6,32.3014804845222,7,7.76380293249928,21,18.4039401959581,,,,,,,,,35,24.124953473304,176,231.387139607957
Lung Cancer,Death,2012,Coastal,11,2,N CENTRAL,3,Suburban Area,5,High Income,4,Supervisorial District 4,31,40.8469819350928,31.1944124570542,17,43.5183288961704,14,38.0135219528089,31,51.205814337628,,,,,,,,,,,,,,,,,27,212.014134275618
Lung Cancer,Death,2012,Del Mar-Mira Mesa,13,2,N CENTRAL,3,Suburban Area,6,Highest Income,3,Supervisorial District 3,34,21.2381862588935,27.8382090430258,23,28.7094479048344,11,13.7541262378714,20,26.3674836192008,,,,,12,21.0859251449657,,,,,,,,,8,17.3029090515843,26,168.154184452205
Lung Cancer,Death,2012,Elliott-Navajo,17,2,N CENTRAL,2,Exurban Area,5,High Income,3,Supervisorial District 3,34,37.6697910434532,29.5480761030192,11,25.1044115297716,23,49.5252040223079,30,49.982506122857,,,,,,,,,,,,,,,,,29,203.408851792102
Lung Cancer,Death,2012,Kearny Mesa,10,2,N CENTRAL,4,Urban Area,3,Moderately Low Income,4,Supervisorial District 4,86,56.4152688581156,53.4756085121118,48,63.2219485531394,38,49.6615175514258,73,87.3634198590218,,,,,5,24.4009565174955,,,,,,,,,16,43.9923013472642,69,350.627572539255
Lung Cancer,Death,2012,Miramar,16,2,N CENTRAL,99,,99,,3,Supervisorial District 3,,,,,,,,,,,,,,,,,,,,,,,,,,,
Lung Cancer,Death,2012,Peninsula,2,2,N CENTRAL,4,Urban Area,3,Moderately Low Income,4,Supervisorial District 4,13,20.5527097957377,22.1349846884669,10,29.0149426954882,,,13,27.3805261273405,,,,,,,,,,,,,,,,,12,160.363490578645
Lung Cancer,Death,2012,University,12,2,N CENTRAL,4,Urban Area,4,Moderately High Income,3,Supervisorial District 3,17,24.9676888732229,34.955611641135,11,32.6157860404436,6,17.4611489436005,11,31.8997767015631,,,,,,,,,,,,,,,,,13,201.832013662475
Lung Cancer,Death,2012,North Coastal Region,99,99,REGION N COASTAL,99,,99,,99,North Coastal Region,179,34.7976874117908,33.898367973482,85,32.4370530364898,94,37.2489657468021,145,48.4711529783016,5,35.5770599117689,10,6.65238621093386,13,41.0690592026284,6,31.2093628088427,,,,,,,39,30.7384317094509,139,218.056318142599
Lung Cancer,Death,2012,Carlsbad,41,1,N COASTAL,3,Suburban Area,5,High Income,5,Supervisorial District 5,47,40.0248665128122,31.0732469963084,18,31.5363456383482,29,48.053024026512,41,48.0882007975604,,,,,,,,,,,,,,,6,17.998020217776,41,212.84327467165
Lung Cancer,Death,2012,Oceanside,42,1,N COASTAL,3,Suburban Area,3,Moderately Low Income,5,Supervisorial District 5,66,40.9370871401723,40.4328121141159,35,43.7292286164072,31,38.1843936687812,47,64.0475314446125,,,5,8.05749830792536,8,63.6132315521629,,,,,,,,,17,43.3905918987213,49,255.981611116916
Lung Cancer,Death,2012,Pendleton,43,1,N COASTAL,99,,99,,5,Supervisorial District 5,,,,,,,,,,,,,,,,,,,,,,,,,,,
Lung Cancer,Death,2012,San Dieguito,40,1,N COASTAL,2,Exurban Area,6,Highest Income,3,Supervisorial District 3,26,27.2251308900524,20.5982451578875,13,27.6778300581234,13,26.7870021223548,25,33.7874364796194,,,,,,,,,,,,,,,7,23.6542425573615,19,129.551343242875
Lung Cancer,Death,2012,Vista,52,1,N COASTAL,3,Suburban Area,2,Low Income,5,Supervisorial District 5,40,39.1849529780564,45.0695529399225,19,36.8896223667605,21,41.522491349481,32,74.0449360205475,,,,,,,,,,,,,,,9,37.1072812731921,30,282.965478211658
Lung Cancer,Death,2012,North Inland Region,99,99,REGION N INLAND,99,,99,,99,North Inland Region,195,33.5138498132677,30.5959932891206,92,32.1084427754259,103,34.8774211025328,161,51.3466536971185,,,13,7.4849868436962,14,22.3989248516071,5,22.677793904209,,,,,,,43,27.6858493117169,152,195.239746702118
Lung Cancer,Death,2012,Anza-Borrego Springs,63,6,N INLAND,1,Rural Area,1,Lowest Income,5,Supervisorial District 5,,,,,,,,,,,,,,,,,,,,,,,,,,,
Lung Cancer,Death,2012,Escondido,50,6,N INLAND,2,Exurban Area,3,Moderately Low Income,3,Supervisorial District 3,63,38.0807311500381,41.623776350737,31,37.7942772149275,32,38.3624048432536,52,74.5295323271846,,,7,9.03272426963972,,,,,,,,,,,17,43.3143090093763,46,252.179156844471
Lung Cancer,Death,2012,Fallbrook,55,6,N INLAND,1,Rural Area,4,Moderately High Income,5,Supervisorial District 5,23,47.7505345983765,34.4821273631315,13,54.0990428630878,10,41.430169449393,19,70.5218617771509,,,,,,,,,,,,,,,,,19,216.302367941712
Lung Cancer,Death,2012,North San Diego,14,6,N INLAND,3,Suburban Area,6,Highest Income,3,Supervisorial District 3,35,31.5522821314919,28.5800525680966,13,24.2388081964462,22,38.3984361364192,26,40.5401191255808,,,,,7,25.4545454545455,,,,,,,,,9,29.599421166875,26,183.914550470397
Lung Cancer,Death,2012,Palomar-Julian,60,6,N INLAND,1,Rural Area,2,Low Income,5,Supervisorial District 5,,,,,,,,,,,,,,,,,,,,,,,,,,,
Lung Cancer,Death,2012,Pauma,54,6,N INLAND,1,Rural Area,5,High Income,5,Supervisorial District 5,,,,,,,,,,,,,,,,,,,,,,,,,,,
Lung Cancer,Death,2012,Poway,15,6,N INLAND,2,Exurban Area,6,Highest Income,2,Supervisorial District 2,18,20.5985008868799,20.3225567951967,7,16.3945944679954,11,24.6151092015754,14,24.2176823677974,,,,,,,,,,,,,,,,,17,143.326869572549
Lung Cancer,Death,2012,Ramona,39,6,N INLAND,1,Rural Area,5,High Income,2,Supervisorial District 2,13,36.4809877929002,36.6651439235275,6,33.5476656415991,7,39.4366197183099,11,44.1270860077022,,,,,,,,,,,,,,,,,10,233.699462491236
Lung Cancer,Death,2012,San Marcos,51,6,N INLAND,3,Suburban Area,3,Moderately Low Income,5,Supervisorial District 5,25,27.3328595637676,24.2795319657011,12,26.8204371731259,13,27.8235558504377,23,51.2340728860376,,,,,,,,,,,,,,,5,23.7045465320248,20,164.16317819913
Lung Cancer,Death,2012,Valley Center,53,6,N INLAND,1,Rural Area,5,High Income,5,Supervisorial District 5,14,59.4404109879845,39.8537101661271,8,67.6933491284481,6,51.1291009799744,13,88.7311446317658,,,,,,,,,,,,,,,,,10,235.571260306243
Lung Cancer,Death,2012,South Region,99,99,REGION SOUTH,99,,99,,99,South Region,142,29.9993239588967,33.7374943376673,68,28.8975581563358,74,31.0885182540016,85,89.5925121740414,,,32,11.189202419665,20,32.961961895972,,,,,,,,,29,26.6001357524169,112,221.821710799945
Lung Cancer,Death,2012,Chula Vista,21,4,SOUTH,5,Very Urban Area,1,Lowest Income,1,Supervisorial District 1,55,47.1685977204703,44.1812085142907,18,32.0638426734119,37,61.1924253700488,38,186.092066601371,,,10,11.9303268909568,,,,,,,,,,,16,58.9535740604274,39,263.656030286641
Lung Cancer,Death,2012,Coronado,3,4,SOUTH,2,Exurban Area,6,Highest Income,1,Supervisorial District 1,11,47.4403760727994,38.4191421524909,,,7,70.1824744335272,10,59.2943966795138,,,,,,,,,,,,,,,,,9,248.96265560166
Lung Cancer,Death,2012,National City,4,4,SOUTH,5,Very Urban Area,1,Lowest Income,1,Supervisorial District 1,16,27.2331154684096,31.148878826787,8,26.5966288772898,8,27.9008126111673,8,125,,,,,5,47.3036896877956,,,,,,,,,,,14,232.018561484919
Lung Cancer,Death,2012,South Bay,22,4,SOUTH,3,Suburban Area,2,Low Income,1,Supervisorial District 1,38,28.02525222727,34.3941727771694,26,38.1354689195928,12,17.8004568783932,17,86.4040660736976,,,13,13.7675403759598,7,53.6974532065051,,,,,,,,,6,19.4149624644059,31,230.51754907793
Lung Cancer,Death,2012,Sweetwater,20,4,SOUTH,3,Suburban Area,6,Highest Income,1,Supervisorial District 1,22,15.8034623949429,22.0159399020114,12,17.7236877086226,10,13.9852315954352,12,38.0783143999492,,,6,9.04281774200841,,,,,,,,,,,,,19,150.769719092208
Lung Cancer,Death,2012,Unknown,99,99,UNKNOWN,99,,99,,99,,,,,,,,,,,,,,,,,,,,,,,,,,,,
Lung Cancer,Death,2013,San Diego County (Actual Rate),0,0,COUNTY,99,,99,,99,County Total,1107,35.0919014738599,34.9941292119708,597,37.7953114821143,510,32.3806851118054,832,56.0303318046212,53,39.7542735844103,100,9.47926600147497,108,29.9556489974565,14,11.5819255778554,,,,,7,0.792205602251675,236,30.4682033313624,864,223.753622400224
Lung Cancer,Death,2013,Central Region,99,99,REGION CENTRAL,99,,99,,99,Central Region,136,27.7505713352922,35.2207203765395,82,32.771685263932,54,22.5127572290965,69,48.9098074796564,29,57.3031931710402,12,5.55290764126366,25,37.9420245864319,,,,,,,,,33,29.9915478365188,101,218.595792572072
Lung Cancer,Death,2013,Central San Diego,1,3,CENTRAL,5,Very Urban Area,2,Low Income,4,Supervisorial District 4,50,29.7973778307509,36.6962969015957,35,38.2655850261299,15,19.6504834018917,32,39.2512817996713,8,77.2424447233755,,,6,67.1366230278617,,,,,,,,,8,20.3283020785689,42,242.25644575186
Lung Cancer,Death,2013,Mid-City,6,3,CENTRAL,5,Very Urban Area,1,Lowest Income,4,Supervisorial District 4,34,20.6190568600815,29.7626802201168,20,24.3537133324404,14,16.9137279064429,22,48.6704128135923,,,,,6,24.6204349610176,,,,,,,,,10,29.0073678714393,23,170.572530406408
Lung Cancer,Death,2013,Southeastern San Diego,5,3,CENTRAL,5,Very Urban Area,2,Low Income,4,Supervisorial District 4,52,33.0402073908402,39.0253698484051,27,35.2356219087267,25,30.9570687370754,15,104.544187343184,18,79.5439480312873,6,7.25320954522376,13,39.8981063744898,,,,,,,,,15,41.4330304118443,36,234.024572580121
Lung Cancer,Death,2013,East Region,99,99,REGION EAST,99,,99,,99,East Region,209,44.3066956108812,40.3027841346648,118,50.7491957542707,91,38.0441144500744,176,63.4469731107402,7,28.6310278539,14,11.120201434506,9,40.9854729268182,,,,,,,,,55,43.1809438569219,153,239.432872724996
Lung Cancer,Death,2013,Alpine,38,5,EAST,1,Rural Area,5,High Income,2,Supervisorial District 2,7,45.3514739229025,33.4183194105531,,,,,6,51.2032770097286,,,,,,,,,,,,,,,,,5,193.723363037582
Lung Cancer,Death,2013,El Cajon,34,5,EAST,4,Urban Area,2,Low Income,2,Supervisorial District 2,38,30.1211981895575,29.0043346970171,23,37.2053899286627,15,23.314370978271,34,46.5976838210101,,,,,,,,,,,,,,,12,37.7691048722145,25,154.789177140734
Lung Cancer,Death,2013,Harbison Crest/El Cajon,37,5,EAST,99,,99,,2,Supervisorial District 2,72,51.0063120311139,47.4127358773442,42,60.6130577844484,30,41.7437766986238,64,75.7073909340399,,,,,,,,,,,,,,,19,51.6472762857454,52,272.508122838277
Lung Cancer,Death,2013,Jamul,30,5,EAST,1,Rural Area,6,Highest Income,2,Supervisorial District 2,7,38.0207484655912,47.3311520403784,,,,,7,71.691929537075,,,,,,,,,,,,,,,,,7,298.253089049851
Lung Cancer,Death,2013,La Mesa,33,5,EAST,4,Urban Area,2,Low Income,2,Supervisorial District 2,25,41.4181577203446,32.8196003483494,14,48.396017699115,11,34.9961822346653,21,56.7966679288148,,,,,,,,,,,,,,,5,32.3478035841366,20,214.362272240086
Lung Cancer,Death,2013,Laguna-Pine Valley,61,5,EAST,1,Rural Area,3,Moderately Low Income,2,Supervisorial District 2,,,,,,,,,,,,,,,,,,,,,,,,,,,
Lung Cancer,Death,2013,Lakeside,36,5,EAST,2,Exurban Area,3,Moderately Low Income,2,Supervisorial District 2,24,41.9419104540212,40.4209829994559,13,45.8764159932244,11,38.0820495066644,22,53.6219167397875,,,,,,,,,,,,,,,6,37.3296833198532,18,249.861188228762
Lung Cancer,Death,2013,Lemon Grove,32,5,EAST,5,Very Urban Area,2,Low Income,2,Supervisorial District 2,9,29.8864315600717,29.6855466807276,9,61.4376407945935,,,6,65.5809378074106,,,,,,,,,,,,,,,,,5,138.504155124654
Lung Cancer,Death,2013,Mountain Empire,62,5,EAST,1,Rural Area,2,Low Income,2,Supervisorial District 2,,,,,,,,,,,,,,,,,,,,,,,,,,,
Lung Cancer,Death,2013,Santee,35,5,EAST,3,Suburban Area,4,Moderately High Income,2,Supervisorial District 2,30,57.3405454997229,52.8151938470242,14,55.2420786805035,16,59.3119810201661,26,68.05213840758,,,,,,,,,,,,,,,8,53.5833891493637,22,322.722605251577
Lung Cancer,Death,2013,Spring Valley,31,5,EAST,4,Urban Area,4,Moderately High Income,2,Supervisorial District 2,30,36.3755410861737,34.9572542709835,16,39.8803589232303,14,33.0555096451255,21,55.5614350724944,,,,,,,,,,,,,,,9,41.6570238370748,21,200.860832137733
Lung Cancer,Death,2013,North Central Region,99,99,REGION N CENTRAL,99,,99,,99,North Central Region,198,32.0092083055812,31.2556472140467,94,30.0946380319387,104,33.962066983646,168,46.1072322487156,,,7,7.58215809882802,20,17.2205958326158,,,,,,,,,33,22.689300963264,164,209.882389075878
Lung Cancer,Death,2013,Coastal,11,2,N CENTRAL,3,Suburban Area,5,High Income,4,Supervisorial District 4,27,35.5309909198579,26.5331618106256,13,33.1988354870014,14,38.010425716768,25,41.42776654625,,,,,,,,,,,,,,,,,24,186.104218362283
Lung Cancer,Death,2013,Del Mar-Mira Mesa,13,2,N CENTRAL,3,Suburban Area,6,Highest Income,3,Supervisorial District 3,41,25.4690023605417,31.3204459983292,23,28.6062535757817,18,22.338603589069,30,39.565830948393,,,,,10,17.3526757826057,,,,,,,,,12,25.6580213389211,29,177.815929854681
Lung Cancer,Death,2013,Elliott-Navajo,17,2,N CENTRAL,2,Exurban Area,5,High Income,3,Supervisorial District 3,38,41.9727177334732,33.3027069816564,21,47.7077559180335,17,36.5457789625298,33,55.1737974620053,,,,,,,,,,,,,,,,,33,225.903614457831
Lung Cancer,Death,2013,Kearny Mesa,10,2,N CENTRAL,4,Urban Area,3,Moderately Low Income,4,Supervisorial District 4,74,48.1266380941851,44.480532814196,31,40.5202274361153,43,55.6591073832453,63,75.2337620463583,,,,,6,28.6396181384248,,,,,,,,,12,32.7716634350165,62,305.403674695828
Lung Cancer,Death,2013,Miramar,16,2,N CENTRAL,99,,99,,3,Supervisorial District 3,,,,,,,,,,,,,,,,,,,,,,,,,,,
Lung Cancer,Death,2013,Peninsula,2,2,N CENTRAL,4,Urban Area,3,Moderately Low Income,4,Supervisorial District 4,12,19.104021396504,20.2942448220893,,,9,31.2695434646654,11,23.4611611141919,,,,,,,,,,,,,,,,,10,132.978723404255
Lung Cancer,Death,2013,University,12,2,N CENTRAL,4,Urban Area,4,Moderately High Income,3,Supervisorial District 3,6,8.64665446527648,10.9695909639846,,,,,6,17.2696658319662,,,,,,,,,,,,,,,,,6,92.2934933087217
Lung Cancer,Death,2013,North Coastal Region,99,99,REGION N COASTAL,99,,99,,99,North Coastal Region,182,35.4910736049765,34.2789566025171,91,35.0354396947682,91,35.9587146537689,142,47.9134049560006,6,45.8015267175573,12,7.87179470359413,19,59.7071208597825,,,,,,,,,33,26.0820081565553,149,226.940416717436
Lung Cancer,Death,2013,Carlsbad,41,1,N COASTAL,3,Suburban Area,5,High Income,5,Supervisorial District 5,39,32.9857146481947,23.8758050487444,17,29.5821949988689,22,36.2044564394563,32,37.4707259953162,,,,,,,,,,,,,,,9,26.8736936398925,30,151.156346047262
Lung Cancer,Death,2013,Oceanside,42,1,N COASTAL,3,Suburban Area,3,Moderately Low Income,5,Supervisorial District 5,66,40.8592831053055,41.4723701132211,36,44.9640287769784,30,36.8251786021162,46,63.0214684002137,,,,,11,86.634638103489,,,,,,,,,15,38.6956970384893,51,261.941448382126
Lung Cancer,Death,2013,Pendleton,43,1,N COASTAL,99,,99,,5,Supervisorial District 5,,,,,,,,,,,,,,,,,,,,,,,,,,,
Lung Cancer,Death,2013,San Dieguito,40,1,N COASTAL,2,Exurban Area,6,Highest Income,3,Supervisorial District 3,38,39.4957022439795,31.6125601761197,15,31.6629374762528,23,47.0935113331559,35,47.1513828827008,,,,,,,,,,,,,,,,,34,221.080694453476
Lung Cancer,Death,2013,Vista,52,1,N COASTAL,3,Suburban Area,2,Low Income,5,Supervisorial District 5,39,37.9550962015708,44.2153413236611,23,44.461627682196,16,31.3584069929248,29,67.65899864682,,,,,,,,,,,,,,,5,20.5397855646387,34,311.697836450312
Lung Cancer,Death,2013,North Inland Region,99,99,REGION N INLAND,99,,99,,99,North Inland Region,235,40.2046846156347,35.4714669175633,132,45.8354022924646,103,34.7360398216658,204,65.4353697419152,,,10,5.63208939252284,14,22.0573175150856,5,22.6213636157988,,,,,,,59,38.0463520641758,175,216.930495469252
Lung Cancer,Death,2013,Anza-Borrego Springs,63,6,N INLAND,1,Rural Area,1,Lowest Income,5,Supervisorial District 5,7,141.757796678817,60.2428221973379,,,,,5,182.54837531946,,,,,,,,,,,,,,,,,5,303.951367781155
Lung Cancer,Death,2013,Escondido,50,6,N INLAND,2,Exurban Area,3,Moderately Low Income,3,Supervisorial District 3,75,45.1918847426172,47.2011162088806,43,52.199036138728,32,38.2857553061664,67,96.9497019158419,,,7,8.88776028440833,,,,,,,,,,,20,51.1757631585681,55,292.693310627428
Lung Cancer,Death,2013,Fallbrook,55,6,N INLAND,1,Rural Area,4,Moderately High Income,5,Supervisorial District 5,29,59.8839490366944,43.163415739815,15,62.083523032987,14,57.6938926893596,29,108.472040396484,,,,,,,,,,,,,,,,,24,264.550264550265
Lung Cancer,Death,2013,North San Diego,14,6,N INLAND,3,Suburban Area,6,Highest Income,3,Supervisorial District 3,46,41.2149448974106,38.1642823107126,25,46.2877244954638,21,36.4583333333333,33,51.513401289396,,,,,11,39.2003136025088,,,,,,,,,13,42.3963734794378,33,226.384029635728
Lung Cancer,Death,2013,Palomar-Julian,60,6,N INLAND,1,Rural Area,2,Low Income,5,Supervisorial District 5,,,,,,,,,,,,,,,,,,,,,,,,,,,
Lung Cancer,Death,2013,Pauma,54,6,N INLAND,1,Rural Area,5,High Income,5,Supervisorial District 5,,,,,,,,,,,,,,,,,,,,,,,,,,,
Lung Cancer,Death,2013,Poway,15,6,N INLAND,2,Exurban Area,6,Highest Income,2,Supervisorial District 2,27,30.7755437012721,25.8334405891539,17,39.6427488748455,10,22.2970411826351,25,43.3403255725257,,,,,,,,,,,,,,,6,21.9691699315294,21,168.783153833789
Lung Cancer,Death,2013,Ramona,39,6,N INLAND,1,Rural Area,5,High Income,2,Supervisorial District 2,18,50.2358293098155,41.9920107293282,10,55.7072029413403,8,44.7427293064877,18,72.2485349602633,,,,,,,,,,,,,,,9,81.6252494104843,9,195.779856428105
Lung Cancer,Death,2013,San Marcos,51,6,N INLAND,3,Suburban Area,3,Moderately Low Income,5,Supervisorial District 5,20,21.7620752314941,19.0008025453858,10,22.2158043231955,10,21.3265088505012,18,40.3696061720642,,,,,,,,,,,,,,,,,20,160.513643659711
Lung Cancer,Death,2013,Valley Center,53,6,N INLAND,1,Rural Area,5,High Income,5,Supervisorial District 5,9,38.0308472427636,26.7765677661544,7,59.1316100692685,,,6,41.3223140495868,,,,,,,,,,,,,,,,,7,158.910329171396
Lung Cancer,Death,2013,South Region,99,99,REGION SOUTH,99,,99,,99,South Region,144,30.1952626987855,33.509765122808,78,32.945171631673,66,27.484082135763,70,74.5132686842021,6,34.4688918251278,45,15.4844037644306,21,34.2851545280893,,,,,,,,,22,19.9754846324965,120,232.702451132485
Lung Cancer,Death,2013,Chula Vista,21,4,SOUTH,5,Very Urban Area,1,Lowest Income,1,Supervisorial District 1,57,48.9770667033279,46.8324596683352,27,48.1755732001071,30,49.7215592680987,28,140.915953699044,,,19,22.5033162781884,7,116.04774535809,,,,,,,,,10,36.8690779043616,46,308.994424665816
Lung Cancer,Death,2013,Coronado,3,4,SOUTH,2,Exurban Area,6,Highest Income,1,Supervisorial District 1,8,34.48127235895,28.3217134845635,,,5,50,7,41.9211881662475,,,,,,,,,,,,,,,,,7,196.90576652602
Lung Cancer,Death,2013,National City,4,4,SOUTH,5,Very Urban Area,1,Lowest Income,1,Supervisorial District 1,21,35.8086793418024,40.920599246851,14,46.7102629120512,7,24.4132110347714,,,,,9,23.4588817933012,7,66.6222518321119,,,,,,,,,,,21,352.289884247609
Lung Cancer,Death,2013,South Bay,22,4,SOUTH,3,Suburban Area,2,Low Income,1,Supervisorial District 1,36,26.3298397536697,31.2378776360316,18,26.2165193201183,18,26.4441440912029,18,92.511692450018,,,12,12.4970059256636,,,,,,,,,,,8,25.6863059881201,28,202.38525478858
Lung Cancer,Death,2013,Sweetwater,20,4,SOUTH,3,Suburban Area,6,Highest Income,1,Supervisorial District 1,22,15.4992884417579,19.275287654527,16,23.2288037166086,6,8.21220333415455,13,40.9693990104314,,,5,7.31625232291011,,,,,,,,,,,,,18,135.03375843961
Lung Cancer,Death,2013,Unknown,99,99,UNKNOWN,99,,99,,99,,,,,,,,,,,,,,,,,,,,,,,,,,,,
